date, pm25, pm10, o3, no2, so2, co
2020/3/1, 63, 33, 36, 20, 5, 5
2020/3/2, 63, 31, 35, 16, 3, 5
2020/3/3, 41, 25, 50, 16, 3, 4
2020/3/4, 42, 41, 80, 23, 16, 6
2020/3/5, 66, 50, 37, 25, 25, 6
2020/3/6, 96, 55, 72, 25, 17, 6
2020/3/7, 111, 35, 76, 18, 15, 5
2020/3/8, 70, 38, 69, 17, 15, 4
2020/3/9, 71, 44, 79, 22, 14, 5
2020/3/10, 78, 37, 50, 25, 17, 6
2020/3/11, 72, 32, 83, 15, 5, 4
2020/3/12, 55, 35, 66, 19, 3, 5
2020/3/13, 60, 35, 68, 13, 7, 3
2020/3/14, 57, 31, 59, 13, 8, 3
2020/3/15, 61, 29, 40, 14, 9, 3
2020/3/16, 56, 23, 35, 17, 3, 4
2020/3/17, 55, , , , , 
2020/3/19, 78, 27, 64, 14, 4, 4
2020/3/20, 57, 33, 79, 9, 3, 3
2020/3/21, 75, 27, 75, 10, 5, 3
2020/3/22, 65, 29, 80, 14, 4, 3
2020/3/23, 56, 29, 77, 18, 5, 4
2020/3/24, 59, 31, 103, 11, 3, 4
2020/3/25, 62, 44, 64, 12, 9, 4
2020/3/26, 90, 32, 47, 17, 3, 4
2020/3/27, 61, 37, 70, 11, 4, 4
2020/3/28, 74, 45, 32, 8, 2, 3
2020/3/29, 66, , , , , 
2020/2/1, 63, 30, 48, 21, 14, 6
2020/2/2, 69, 17, 26, 9, 3, 4
2020/2/3, 31, 11, 20, 12, 3, 5
2020/2/4, 21, 8, 17, 8, , 3
2020/2/5, 18, 13, 34, 12, 3, 3
2020/2/6, 25, 23, 43, 24, 4, 7
2020/2/7, 42, 19, 60, 15, 3, 4
2020/2/8, 40, 19, 61, 13, 3, 4
2020/2/9, 45, 23, 53, 17, 6, 5
2020/2/10, 45, 28, 66, 18, 6, 5
2020/2/11, 57, 23, 46, 15, 3, 4
2020/2/12, 47, 30, 44, 25, 5, 7
2020/2/13, 57, 38, 103, 15, , 5
2020/2/14, 82, , , , , 
2020/2/17, 57, 30, 47, 24, 8, 8
2020/2/18, 54, 41, 72, 33, 14, 7
2020/2/19, 70, 42, 46, 21, 7, 5
2020/2/20, 69, 32, 52, 13, 10, 4
2020/2/21, 54, 37, 90, 19, 13, 5
2020/2/22, 64, 36, 96, 15, 4, 5
2020/2/23, 66, 33, 54, 12, 4, 4
2020/2/24, 54, 22, 37, 15, 3, 4
2020/2/25, 36, 31, 55, 19, 14, 4
2020/2/26, 50, 44, 55, 25, 15, 6
2020/2/27, 72, 42, 76, 23, 9, 6
2020/2/28, 67, 36, 65, 21, 8, 5
2020/2/29, 65, 32, 80, 16, 5, 5
2020/1/1, 29, 11, 22, 4, 2, 1
2020/1/2, 19, 21, 37, 18, 3, 4
2020/1/3, 29, 41, 50, 28, 13, 7
2020/1/4, 83, 30, 59, 23, 10, 6
2020/1/5, 70, 50, 86, 38, 13, 10
2020/1/6, 107, 37, 43, 22, 16, 5
2020/1/7, 64, 45, 79, 30, 10, 8
2020/1/8, 85, 44, 70, 25, 6, 7
2020/1/9, 81, 30, 43, 23, 4, 6
2020/1/10, 55, 26, 62, 18, 3, 5
2020/1/11, 52, 38, 63, 22, 11, 7
2020/1/12, 76, 35, 65, 23, 5, 7
2020/1/13, 68, 33, 28, 23, 7, 6
2020/1/14, 58, 35, 50, 18, 9, 5
2020/1/15, 60, 40, 49, 16, 8, 4
2020/1/16, 76, 27, 17, 18, 10, 5
2020/1/17, 53, , , , , 
2020/1/20, 56, 25, 33, 22, 3, 6
2020/1/21, 61, 29, 53, 20, 9, 6
2020/1/22, 67, 25, 26, 24, 6, 7
2020/1/23, 51, 22, 31, 17, 4, 5
2020/1/24, 48, 23, 34, 16, 4, 5
2020/1/25, 50, 15, 36, 13, 6, 4
2020/1/26, 37, 18, 39, 15, 5, 4
2020/1/27, 36, 14, 51, 16, 3, 4
2020/1/28, 24, 18, 38, 13, 9, 4
2020/1/29, 31, 19, 26, 18, 3, 5
2020/1/30, 30, 15, 43, 14, 3, 3
2020/1/31, 25, 29, 45, 22, 23, 5
2019/10/1, 42, 16, 52, 16, 2, 4
2019/10/2, 39, 17, 53, 16, 2, 4
2019/10/3, 40, 21, 66, 22, 3, 5
2019/10/4, 51, 24, 46, 15, 7, 4
2019/10/5, 59, 18, 66, 12, 3, 3
2019/10/6, 48, 14, 36, 13, 2, 3
2019/10/7, 31, 12, 22, 15, 2, 3
2019/10/8, 28, 16, 54, 17, 3, 3
2019/10/9, 42, 20, 37, 15, 6, 4
2019/10/10, 53, 22, 43, 20, 4, 5
2019/10/11, 52, 18, 48, 14, 2, 3
2019/10/12, 45, 21, 61, 14, 6, 4
2019/10/13, 59, 21, 51, 17, 6, 4
2019/10/14, 41, 28, 69, 20, 9, 6
2019/10/15, 57, 19, 12, 18, 9, 4
2019/10/16, 49, 9, 2, 18, 2, 5
2019/10/17, 31, 12, 24, 18, 3, 7
2019/10/18, 32, 12, 35, 13, 2, 4
2019/10/19, 32, 6, 20, 10, 2, 4
2019/10/20, 17, 12, 36, 20, 3, 6
2019/10/21, 26, 20, 26, 19, 4, 4
2019/10/22, 50, 19, 38, 18, 5, 4
2019/10/23, 50, 20, 36, 23, 3, 5
2019/10/24, 53, 28, 30, 23, 6, 6
2019/10/25, 79, 18, 37, 18, 2, 4
2019/10/26, 54, 23, 77, 16, 5, 5
2019/10/27, 71, 33, 67, 31, 3, 9
2019/10/28, 88, 29, 42, 26, 3, 8
2019/10/29, 74, 28, 37, 28, 2, 7
2019/10/30, 77, 16, 22, 19, 3, 5
2019/10/31, 43, 27, 47, 23, 6, 6
2019/11/1, 66, 24, 19, 21, 12, 5
2019/11/2, 60, 13, 37, 14, 4, 4
2019/11/3, 42, 29, 55, 23, 4, 6
2019/11/4, 73, 25, 43, 23, 5, 5
2019/11/5, 64, 17, 41, 18, 7, 4
2019/11/6, 45, 21, 43, 20, 7, 5
2019/11/7, 45, 18, 40, 16, 5, 3
2019/11/8, 40, 14, 37, 15, 6, 3
2019/11/9, 32, 18, 50, 17, 6, 5
2019/11/10, 50, 27, 44, 22, 4, 6
2019/11/11, 63, 19, 42, 17, 5, 4
2019/11/12, 46, 12, 27, 13, 6, 4
2019/11/13, 23, 18, 38, 22, 3, 6
2019/11/14, 35, 28, 48, 22, 4, 5
2019/11/15, 68, 37, 38, 29, 13, 7
2019/11/16, 84, 22, 61, 16, 5, 4
2019/11/17, 59, 16, 46, 14, 3, 3
2019/11/18, 44, 32, 61, 24, 6, 6
2019/11/19, 77, 33, 36, 25, 5, 6
2019/11/20, 71, 42, 44, 31, 6, 9
2019/11/21, 85, 35, 45, 27, 5, 8
2019/11/22, 66, 30, 55, 22, 8, 5
2019/11/23, 59, 31, 48, 18, 9, 5
2019/11/24, 71, 30, 52, 23, 4, 6
2019/11/25, 67, 27, 17, 24, 3, 6
2019/11/26, 60, 39, 66, , 6, 7
2019/11/27, 75, 31, 37, , 7, 7
2019/11/28, 58, 28, 47, , 8, 6
2019/11/29, 55, 36, 60, , 7, 7
2019/11/30, 73, 26, 46, , 3, 3
2019/12/1, 49, 34, 50, , 6, 5
2019/12/2, 72, 34, 45, 27, 6, 6
2019/12/3, 68, 32, 67, 28, 5, 6
2019/12/4, 62, 35, 60, 32, 6, 7
2019/12/5, 62, 30, 34, 26, 5, 6
2019/12/6, 47, 34, 53, 29, 7, 6
2019/12/7, 69, 40, 82, 24, 8, 7
2019/12/8, 84, 33, 56, 30, 5, 8
2019/12/9, 58, 40, 66, 30, 4, 7
2019/12/10, 73, 44, 49, , 7, 6
2019/12/11, 92, 38, 35, 28, 6, 7
2019/12/12, 80, 30, 37, 23, 3, 6
2019/12/13, 58, 33, 56, 24, 4, 7
2019/12/14, 66, 40, 82, 23, 4, 7
2019/12/15, 85, 34, 54, 26, 3, 7
2019/12/16, 69, 40, 47, 25, 7, 7
2019/12/17, 78, 59, 31, 34, 14, 8
2019/12/18, 120, 61, 73, 36, 12, 10
2019/12/19, 128, 51, 29, 41, 13, 10
2019/12/20, 108, 44, 35, 25, 16, 6
2019/12/21, 95, 40, 13, 20, 15, 6
2019/12/22, 94, 40, 57, 21, 7, 7
2019/12/23, 94, 26, 30, 20, 5, 6
2019/12/24, 61, 33, 67, 14, 4, 5
2019/12/25, 87, 29, 50, 23, 7, 6
2019/12/26, 66, 43, 68, 25, 7, 7
2019/12/27, 91, 29, 17, 18, 3, 5
2019/12/28, 75, , , , , 
2019/7/1, 30, 14, 34, 19, 1, 4
2019/7/2, 37, 18, 45, 19, 1, 5
2019/7/3, 41, 31, 63, 18, 6, 5
2019/7/4, 71, 31, 74, 19, 4, 5
2019/7/5, 68, 23, 47, 14, 2, 3
2019/7/6, 51, 22, 81, 10, 3, 3
2019/7/7, 55, 23, 60, 18, 3, 4
2019/7/8, 52, 26, 80, 20, 1, 5
2019/7/9, 61, 21, 36, 15, 6, 4
2019/7/10, 52, 28, 30, 31, 1, 7
2019/7/11, 69, 20, 39, 23, 1, 6
2019/7/12, 60, 18, 67, 19, 1, 5
2019/7/13, 54, , , , , 
2019/7/18, 79, 15, 52, 17, 1, 4
2019/7/19, 46, 26, 82, 15, 1, 4
2019/7/20, 61, 13, 18, 14, 1, 4
2019/7/21, 39, 20, 61, 17, 1, 4
2019/7/22, 52, 20, 51, 16, 1, 3
2019/7/23, 52, 20, 38, 20, 1, 5
2019/7/24, 52, 19, 30, 22, 1, 5
2019/7/25, 54, 18, 31, 18, 1, 4
2019/7/26, 50, 16, 67, 15, 1, 4
2019/7/27, 45, 16, 59, 10, 1, 3
2019/7/28, 41, 17, 49, 14, 1, 4
2019/7/29, 41, 27, 62, 17, , 4
2019/7/30, 53, 31, 57, 17, 4, 4
2019/7/31, 65, 22, 59, 13, 2, 3
2019/8/1, 45, 27, 77, 19, 3, 4
2019/8/2, 54, 19, 78, 14, 1, 3
2019/8/3, 48, 24, 76, 10, 5, 3
2019/8/4, 65, 20, 41, 18, 1, 5
2019/8/5, 58, 19, 49, 20, 2, 5
2019/8/6, 54, 16, 30, 20, 1, 5
2019/8/7, 45, 15, 57, 17, 1, 5
2019/8/8, 45, 26, 60, 16, 5, 4
2019/8/9, 63, 14, 23, 11, 2, 3
2019/8/10, 38, 15, 58, 12, 1, 4
2019/8/11, 45, 12, 50, 14, 1, 4
2019/8/12, 33, 18, 59, 14, 1, 4
2019/8/13, 45, 18, 61, 14, 1, 4
2019/8/14, 46, 19, 78, 13, 3, 3
2019/8/15, 49, 18, 73, 15, 1, 4
2019/8/16, 42, 24, 84, 14, 1, 4
2019/8/17, 55, 24, 70, 13, 14, 4
2019/8/18, 64, 17, 28, 12, 4, 3
2019/8/19, 40, 20, 60, 13, 1, 3
2019/8/20, 37, 16, 39, 13, 2, 3
2019/8/21, 38, 22, 42, 18, 2, 5
2019/8/22, 54, 29, 43, 23, 2, 6
2019/8/23, 73, 20, 73, 16, 1, 5
2019/8/24, 57, 21, 72, 11, 1, 4
2019/8/25, 61, 27, 73, 20, 1, 6
2019/8/26, 69, 21, 64, 15, 2, 5
2019/8/27, 57, 26, 55, 14, 2, 3
2019/8/28, 60, 26, 73, 17, 3, 4
2019/8/29, 58, 18, 70, 15, 1, 4
2019/8/30, 40, 21, 65, 12, 7, 3
2019/8/31, 45, 23, 68, 12, 4, 3
2019/9/1, 48, 26, 42, 15, 1, 4
2019/9/2, 54, 21, 53, 15, 3, 3
2019/9/3, 48, 23, 50, 17, 1, 5
2019/9/4, 54, 28, 59, 22, 2, 6
2019/9/5, 66, 27, 70, 17, 4, 4
2019/9/6, 67, 26, 49, 16, 7, 5
2019/9/7, 67, 19, 70, 16, 3, 4
2019/9/8, 50, 22, 56, 19, 2, 4
2019/9/9, 50, 27, 52, 20, 6, 5
2019/9/10, 68, 18, 48, 16, 2, 4
2019/9/11, 46, 20, 37, 17, 5, 4
2019/9/12, 49, 18, 21, 18, 1, 4
2019/9/13, 43, 12, 28, 13, 1, 3
2019/9/14, 28, 13, 71, 10, 1, 3
2019/9/15, 36, 26, 65, 11, 7, 3
2019/9/16, 69, 22, 80, 16, 2, 4
2019/9/17, 60, 11, 23, 14, 2, 4
2019/9/18, 28, 17, 35, 19, 3, 5
2019/9/19, 48, 25, 72, 20, 6, 5
2019/9/20, 63, 21, 65, 16, 4, 3
2019/9/21, 53, 21, 68, 11, 8, 3
2019/9/22, 55, 30, 72, 22, 9, 5
2019/9/23, 66, 31, 86, 19, 9, 5
2019/9/24, 72, 30, 64, 21, 3, 6
2019/9/25, 79, 27, 70, 20, 3, 5
2019/9/26, 68, 22, 70, 17, 3, 4
2019/9/27, 52, 21, 55, 15, 6, 4
2019/9/28, 53, 7, 15, 8, 2, 2
2019/9/29, 19, 11, 28, 15, 2, 4
2019/9/30, 27, 16, 46, 18, 2, 5
2019/4/1, 82, 37, 71, 17, 4, 3
2019/4/2, 74, 38, 60, 18, 2, 4
2019/4/3, 75, 36, 86, 14, 1, 2
2019/4/4, 79, 42, 60, 16, 2, 3
2019/4/5, 84, 40, 57, 16, 2, 3
2019/4/6, 82, 34, 65, 8, 1, 2
2019/4/7, 73, 35, 71, 18, 4, 3
2019/4/8, 81, 26, 56, 14, 3, 3
2019/4/9, 62, 36, 108, 16, 1, 4
2019/4/10, 69, 40, 83, 17, 1, 4
2019/4/11, 68, 41, 67, 18, 1, 5
2019/4/12, 67, 35, 71, 17, 1, 4
2019/4/13, 57, 54, 117, 15, 7, 8
2019/4/14, 116, 55, 106, 17, 6, 6
2019/4/15, 110, 49, 109, 19, 2, 6
2019/4/16, 99, 47, 93, 16, 2, 5
2019/4/17, 91, 37, 48, 12, 1, 3
2019/4/18, 72, 39, 87, 8, 2, 3
2019/4/19, 66, 34, 90, 12, 3, 3
2019/4/20, 60, 34, 100, 11, 1, 4
2019/4/21, 66, 44, 96, 17, 3, 5
2019/4/22, 82, 45, 79, 21, 2, 5
2019/4/23, 87, 48, 75, 20, 2, 6
2019/4/24, 95, 45, 87, 16, 2, 5
2019/4/25, 92, 48, 110, 17, 11, 4
2019/4/26, 96, 47, 85, 17, 2, 5
2019/4/27, 101, 47, 97, 14, 1, 5
2019/4/28, 102, 48, 90, 24, 2, 7
2019/4/29, 107, 37, 88, 17, 1, 5
2019/4/30, 80, 21, 7, 28, 1, 6
2019/5/1, 52, 33, 59, 14, 1, 3
2019/5/2, 48, 39, 59, 23, 2, 7
2019/5/3, 79, 44, 68, 19, 1, 5
2019/5/4, 95, 45, 69, 14, 1, 5
2019/5/5, 102, 46, 58, 12, 1, 4
2019/5/6, 95, 35, 55, 16, 1, 5
2019/5/7, 73, 39, 53, 13, 2, 5
2019/5/8, 69, 41, 50, 13, 1, 5
2019/5/9, 74, , 80, 14, 1, 5
2019/5/13, 154, 57, 90, 23, 2, 8
2019/5/14, 135, 71, 103, 16, 12, 7
2019/5/15, 154, 68, 86, 23, 2, 8
2019/5/16, 155, 43, 70, 18, 1, 5
2019/5/17, 105, 31, 77, 14, 1, 4
2019/5/18, 72, 36, 88, 12, 2, 4
2019/5/19, 79, 43, 105, 18, 1, 5
2019/5/20, 91, 48, 119, 18, 2, 5
2019/5/21, 101, 31, 102, 19, 2, 
2019/5/22, 68, 46, 79, 20, 1, 
2019/5/23, 90, 43, 90, 16, 2, 
2019/5/24, 97, 39, 91, 12, 6, 3
2019/5/25, 84, 28, 81, 9, 2, 2
2019/5/26, 60, 35, 38, 22, 3, 5
2019/5/27, 74, , , , , 
2019/6/5, 40, 16, 71, 21, 1, 6
2019/6/6, 45, 17, 71, 21, 1, 6
2019/6/7, 46, 19, 71, 17, 2, 6
2019/6/8, 48, 16, 77, 8, 1, 3
2019/6/9, 42, 21, 50, 12, 1, 3
2019/6/10, 42, 16, 49, 10, 1, 3
2019/6/11, 38, 25, 62, 16, 9, 4
2019/6/12, 52, 17, 47, 14, 5, 4
2019/6/13, 40, 19, 61, 16, 1, 4
2019/6/14, 44, 23, 84, 13, 7, 4
2019/6/15, 57, 25, 91, 14, 1, 4
2019/6/16, 63, 27, 83, 13, 7, 4
2019/6/17, 61, 23, 75, 14, 1, 4
2019/6/18, 55, 26, 55, 19, 6, 6
2019/6/19, 67, 33, 107, 22, 6, 6
2019/6/20, 81, , 62, 16, 2, 5
2019/6/25, 39, 24, 64, 20, 1, 5
2019/6/26, 58, 18, 46, 16, 4, 4
2019/6/27, 42, 16, 48, 13, 7, 3
2019/6/28, 39, , 22, 9, 1, 2
2019/1/1, 119, , 53, 25, 6, 6
2019/1/2, 83, , 61, 31, 6, 8
2019/1/3, 67, , 79, 37, 4, 8
2019/1/8, 60, , 53, 25, 18, 6
2019/1/9, 70, , 64, 21, 7, 5
2019/1/10, 68, , 66, 19, 4, 5
2019/1/11, 64, , 48, 26, 10, 6
2019/1/12, 86, , 46, 15, 1, 4
2019/1/13, 67, , 40, 16, 12, 3
2019/1/14, 68, , 62, 31, 19, 7
2019/1/15, 81, , 70, 24, 8, 6
2019/1/16, 86, , 52, 28, 17, 7
2019/1/17, 85, , 58, 23, 6, 6
2019/1/18, 67, , 60, 24, 4, 5
2019/1/19, 65, , 49, 19, 15, 5
2019/1/20, 53, , 61, 30, 21, 8
2019/1/22, 50, 27, 45, 23, 3, 5
2019/1/23, 47, 32, 35, 19, 3, 5
2019/1/24, 55, 23, 42, 16, 4, 5
2019/1/25, 44, 22, 38, 16, 2, 4
2019/1/26, 42, 17, 47, 13, 4, 3
2019/1/27, 42, 30, 42, 21, 4, 5
2019/1/28, 57, 35, 81, 21, 3, 5
2019/1/29, 68, 26, 44, 23, 3, 5
2019/1/30, 49, 22, 40, 19, 2, 5
2019/1/31, 41, 25, 56, 21, 2, 6
2019/2/1, 48, 37, 100, 24, 8, 6
2019/2/2, 78, 40, 98, 20, 7, 5
2019/2/3, 83, 35, 84, 21, 7, 6
2019/2/4, 71, 42, 72, 29, 6, 8
2019/2/5, 80, 43, 98, 29, 5, 8
2019/2/6, 80, 47, 68, 29, 5, 7
2019/2/7, 84, 36, 38, 16, 6, 3
2019/2/8, 64, 35, 55, 20, 12, 4
2019/2/9, 78, 26, 78, 15, 4, 4
2019/2/10, 61, 35, 80, 18, 4, 5
2019/2/11, 70, 45, 56, 21, 7, 5
2019/2/12, 78, 39, 56, 27, 12, 6
2019/2/13, 93, 27, 50, 15, 2, 5
2019/2/14, 66, 29, 85, 19, 2, 5
2019/2/15, 61, 29, 75, 17, 3, 4
2019/2/16, 60, 29, 69, 15, 2, 4
2019/2/17, 62, 29, 29, 21, 2, 6
2019/2/18, 58, 20, 30, 17, 2, 4
2019/2/19, 36, 11, 23, 9, 2, 3
2019/2/20, 18, 11, 23, 6, 1, 2
2019/2/21, 15, 15, 29, 13, 2, 4
2019/2/22, 27, 22, 56, 13, 12, 3
2019/2/23, 44, 22, 48, 12, 4, 3
2019/2/24, 54, 35, 60, 26, 2, 6
2019/2/25, 80, 22, 50, 21, 2, 5
2019/2/26, 52, 20, 46, 21, 2, 5
2019/2/27, 40, 26, 67, 23, 2, 5
2019/2/28, 50, 28, 20, , 3, 6
2019/3/1, 59, , , , , 
2019/3/3, 68, 32, 30, , 2, 6
2019/3/4, 65, , , , , 
2019/3/8, 52, 33, 87, 14, 3, 4
2019/3/9, 71, 38, 82, 12, 7, 4
2019/3/10, 79, 39, 77, 14, 5, 4
2019/3/11, 74, 30, 52, 21, 6, 5
2019/3/12, 57, 31, 71, 18, 2, 5
2019/3/13, 56, 40, 85, 20, 3, 6
2019/3/14, 75, 44, 60, 14, 10, 4
2019/3/15, 84, 37, 51, 17, 11, 3
2019/3/16, 69, 40, 80, 19, 14, 3
2019/3/17, 88, 32, 48, 12, 11, 2
2019/3/18, 63, 31, 43, 18, 9, 3
2019/3/19, 58, 32, 65, 19, 11, 3
2019/3/20, 57, 35, 55, 19, 17, 3
2019/3/21, 72, 27, 47, 15, 3, 2
2019/3/22, 56, 22, 56, 13, 2, 2
2019/3/23, 45, 25, 97, 13, 3, 2
2019/3/24, 60, 30, 57, 15, 2, 2
2019/3/25, 48, 21, 52, 14, 4, 2
2019/3/26, 28, 28, 50, 15, 9, 2
2019/3/27, 53, 30, 65, 22, 7, 3
2019/3/28, 46, 50, 88, 22, 2, 4
2019/3/29, 90, 53, 110, 21, 3, 5
2019/3/30, 96, 45, 102, 12, 14, 2
2019/3/31, 94, 44, 67, 21, 9, 4
2018/10/1, 44, , , , , 
2018/10/2, 40, , , , , 
2018/10/3, 36, , , , , 
2018/10/10, 77, , 62, , , 
2018/10/11, 84, , 51, 22, 5, 6
2018/10/12, 63, , 36, 14, 4, 5
2018/10/13, 49, , 30, 9, 4, 4
2018/10/14, 28, , 31, 18, 5, 7
2018/10/15, 41, , 55, 19, 4, 6
2018/10/16, 44, , 13, 18, 7, 5
2018/10/17, 37, , 16, 17, 4, 5
2018/10/18, 33, , 19, 15, 4, 4
2018/11/15, 51, , 60, 26, 2, 5
2018/11/16, 50, , 76, 24, 2, 4
2018/11/17, 56, , 82, 25, 4, 5
2018/11/18, 71, , 72, 24, 2, 4
2018/11/19, 64, , 73, 31, 3, 7
2018/11/20, 71, , 61, 32, 4, 6
2018/11/21, 82, , 83, 31, 4, 6
2018/12/4, 98, , 26, 23, 4, 6
2018/12/5, 61, , 55, 24, 2, 7
2018/12/13, 33, , 26, 27, 4, 7
2018/12/14, 56, , 50, 40, 20, 10
2018/12/15, 153, , 68, 31, 14, 9
2018/12/16, 116, , 68, 38, 15, 10
2018/12/17, 103, , 75, 36, 10, 9
2018/12/18, 106, , 35, 21, 2, 5
2018/12/19, 54, , 41, 24, 14, 4
2018/12/20, 40, , 52, 34, 12, 7
2018/12/21, 63, , 73, 37, 16, 8
2018/12/22, 106, , 88, 31, 12, 8
2018/12/23, 101, , 77, 31, 16, 8
2018/12/24, 89, , 115, 29, 17, 10
2018/12/25, 158, , 48, 25, 4, 6
2018/12/26, 78, , 38, 22, 2, 6
2018/12/27, 47, , 37, 23, 2, 5
2018/12/28, 45, , 55, 22, 7, 5
2018/12/29, 66, , 37, 15, 6, 4
2018/12/30, 60, , , , , 
2018/7/10, 45, 19, 44, 15, 1, 4
2018/7/11, 56, 22, 48, 21, 3, 5
2018/7/12, 58, 30, 51, 19, , 5
2018/7/13, 76, 42, 69, 19, 9, 5
2018/7/14, 46, 20, 48, 20, 2, 7
2018/7/15, 83, 49, , , , 
2018/7/16, 85, 55, , , , 
2018/7/26, 62, , 73, 17, 2, 4
2018/7/27, 71, , 69, 20, 2, 4
2018/9/3, 74, , 56, 21, 4, 8
2018/9/4, 66, , 65, 21, 12, 8
2018/9/5, 57, , 59, 24, 7, 8
2018/9/6, 45, , 29, 18, 2, 8
2018/9/9, 81, , 65, 13, 6, 7
2018/9/10, 66, , 57, 15, 6, 7
2018/9/11, 65, , 43, 21, 3, 8
2018/9/12, 70, , 60, 26, 4, 9
2018/9/13, 64, , 55, 28, 3, 9
2018/9/14, 51, , 46, 15, 3, 7
2018/9/15, 45, , 42, 18, 3, 7
2018/9/16, 76, , 39, 18, 6, 9
2018/9/24, 60, , , 16, 4, 8
2018/9/25, 52, , , 16, 8, 8
2018/9/26, 54, , , 13, 4, 8
2018/9/27, 54, , , , , 
2018/9/28, 50, , , , , 
2018/9/29, 60, , , , , 
2018/9/30, 54, , , , , 
2018/5/20, 67, 21, 89, 15, 2, 5
2018/5/21, 77, 30, 73, 25, 7, 7
2018/5/23, 77, 36, 96, 24, 4, 7
2018/5/24, 64, 33, 72, 24, 10, 7
2018/5/25, 66, 35, 54, 18, 15, 5
2018/5/26, 55, 24, 76, 16, 10, 4
2018/5/27, 48, 20, , 19, 4, 4
2018/6/5, 64, 35, 110, 20, 8, 6
2018/6/7, 95, 39, 100, 18, 7, 5
2018/6/8, 63, 28, 71, 17, 7, 5
2018/6/9, 70, 27, 58, 14, 7, 4
2018/6/10, 47, 20, 73, 11, 2, 4
2018/6/11, 60, 26, 53, 18, 7, 6
2018/6/12, 74, 26, 26, 28, 8, 7
2018/6/13, 47, 12, 13, 25, 2, 7
2018/6/14, 55, 19, 28, 26, 3, 7
2018/6/15, 63, 23, 38, 28, 2, 8
2018/6/22, 37, 11, 28, 14, 3, 4
2018/6/24, 61, 25, , , , 
2018/6/25, 55, 29, 59, 25, 2, 6
2018/6/26, 58, 23, 63, 22, 2, 7
2018/6/27, 50, 17, 63, 18, 2, 6
2018/6/28, 47, 18, 50, 22, 3, 6
2016/10/28, 31, 20, 48, 16, 5, 4
2016/10/29, 40, , 50, 14, 3, 4
2020/3/18, , 38, 22, 15, 4, 3
2020/2/16, , 31, 33, 18, 5, 5
2019/12/31, , 15, 16, 6, , 2
2020/1/19, , 24, 7, 25, 3, 7
2019/6/30, , 11, 31, 17, 1, 3
2019/7/17, , 34, 60, 18, 4, 4
2019/5/12, , 64, 90, 21, 2, 9
2019/6/4, , 15, , , , 
2019/6/24, , 16, 40, 19, 2, 5
2019/1/21, , 30, 53, 23, 2, 6
2019/3/2, , 33, 71, , 3, 5
2019/3/7, , 28, 68, 14, 3, 4
2018/7/3, , 28, 48, 16, 2, 5
2018/7/4, , 37, 68, 26, 7, 7
2018/7/5, , 32, 36, 14, 3, 4
2018/7/6, , 22, 29, 16, 12, 4
2018/7/7, , 15, 55, 13, 3, 3
2018/7/8, , 20, 46, 13, 13, 4
2018/7/9, , 33, 62, 18, 2, 5
2018/7/17, , 30, 58, 14, 5, 3
2018/7/18, , 19, 77, 16, 3, 3
2018/8/2, , 16, 38, 14, 2, 2
2018/8/3, , 16, 21, 16, 2, 3
2018/8/4, , 16, 32, 17, 5, 4
2018/8/5, , 16, 53, 14, 2, 3
2018/8/6, , 10, 32, 15, 2, 3
2018/8/7, , 23, 71, 17, 2, 4
2018/8/8, , 23, 68, 19, 2, 6
2018/8/9, , 23, 48, 18, 2, 6
2018/8/10, , 20, 62, 25, 4, 7
2018/8/11, , 23, 55, 19, 2, 7
2018/8/12, , 14, 34, 19, 2, 7
2018/8/13, , 18, 40, 17, 1, 7
2018/8/14, , 19, 48, 15, 5, 5
2018/8/15, , 24, 46, 22, 4, 7
2018/8/16, , 24, 66, 22, 2, 8
2018/8/17, , 23, 76, 19, 3, 6
2018/8/18, , 19, 64, 14, 2, 5
2018/8/19, , 14, 79, 12, 3, 5
2018/8/20, , 22, 50, 18, 3, 5
2018/8/21, , 13, 23, 20, 2, 
2018/8/22, , 18, 39, 16, 2, 6
2018/8/23, , 20, 45, 18, 8, 7
2018/8/24, , 22, 56, 24, 3, 8
2018/8/25, , 25, 66, 16, 15, 6
2018/8/26, , 14, 55, 12, 2, 5
2018/8/27, , 23, 56, 20, 5, 7
2018/8/28, , 12, 29, 19, 4, 7
2018/8/29, , 16, 36, 25, 2, 9
2018/5/16, , 36, 62, 23, 3, 6
2018/5/17, , 30, 65, 18, 7, 5
2018/5/18, , 30, 67, 26, 5, 6
2018/5/19, , 31, 81, 18, 4, 5
2018/5/22, , 29, 75, 26, 6, 7
2018/5/28, , 25, , 25, 5, 6
2018/5/29, , 25, 44, 25, 4, 7
2018/5/30, , 30, 54, 23, 4, 6
2018/5/31, , 28, 50, 21, 1, 5
2018/6/1, , 36, 73, 20, 17, 5
2018/6/2, , 35, 70, 12, 4, 4
2018/6/3, , 24, 43, 9, 8, 3
2018/6/4, , 23, 60, 13, 2, 4
2018/6/6, , 44, 113, 22, 22, 6
2018/6/16, , 24, 60, 20, 2, 6
2018/6/17, , 10, 34, 16, 2, 6
2018/6/18, , 11, 14, 18, 1, 6
2018/6/19, , 8, 36, 17, 2, 6
2018/6/20, , 18, 39, 20, 2, 5
2018/6/21, , 22, 34, 22, 2, 7
2018/6/29, , 16, 13, 19, 3, 6
2016/10/27, , 18, 24, 21, 2, 5
2019/5/10, , , 108, 12, 6, 8
2019/5/11, , , 95, 12, 2, 7
2019/6/21, , , 84, 15, 2, 4
2019/6/22, , , 47, 11, 2, 4
2019/6/23, , , 32, 19, , 5
2018/12/31, , , 96, 17, 3, 5
2019/1/4, , , 84, 29, 9, 7
2019/1/5, , , 77, 23, 8, 6
2019/1/6, , , 53, 26, 5, 7
2019/1/7, , , 54, 30, 3, 7
2018/11/13, , , 3, 26, 4, 13
2018/11/14, , , 36, 25, 2, 5
2018/11/22, , , 99, 36, 3, 8
2018/11/23, , , 94, 25, 2, 6
2018/11/24, , , 45, 20, 1, 6
2018/11/25, , , 41, 27, 10, 6
2018/11/26, , , 50, 24, 5, 6
2018/11/27, , , 27, 13, 2, 4
2018/11/28, , , 27, 12, 1, 3
2018/11/29, , , 17, 17, 2, 7
2018/11/30, , , 43, 16, 2, 6
2018/12/1, , , 59, 18, 1, 5
2018/12/2, , , 71, 31, 6, 7
2018/12/3, , , 85, 31, 11, 7
2018/12/6, , , 32, 20, 2, 6
2018/12/7, , , 40, 17, 2, 5
2018/12/8, , , 43, 18, 8, 6
2018/12/9, , , 42, 30, 25, 7
2018/12/10, , , 45, 37, 22, 10
2018/12/11, , , 63, 25, 12, 8
2018/12/12, , , 30, 19, 2, 6
2018/7/2, , , 61, 17, 7, 5
2018/7/19, , , 66, 19, 4, 5
2018/7/20, , , 63, 20, 3, 4
2018/7/21, , , 45, 11, 2, 3
2018/7/22, , , 82, 12, 7, 3
2018/7/23, , , 85, 18, 4, 4
2018/7/24, , , 69, 20, 3, 4
2018/7/25, , , 56, 20, 2, 3
2018/7/28, , , 63, 19, 4, 4
2018/7/29, , , 26, 13, 2, 3
2018/7/30, , , 63, 18, 5, 3
2018/7/31, , , 80, 20, 2, 4
2018/8/1, , , 45, 14, 1, 2
2018/8/30, , , 59, 16, , 7
2018/8/31, , , 66, 20, , 8
2018/9/1, , , 13, 20, , 7
2018/9/7, , , 63, 24, 9, 9
2018/9/8, , , 70, 17, 5, 7
2018/9/17, , , 44, 24, 4, 9
2018/9/18, , , 60, 24, 4, 9
2018/9/19, , , 76, 21, 4, 9
2018/9/20, , , 31, 19, 4, 8
2018/9/21, , , 48, 14, 5, 8
2018/4/1, , , 70, 11, 2, 4
2018/4/2, , , 86, 20, 2, 6
2018/4/3, , , 60, 19, 2, 6
2018/4/4, , , 104, 21, 6, 6
2018/4/5, , , 65, 16, 2, 6
2018/4/6, , , 58, 29, 2, 8
2018/4/9, , , 67, 14, 3, 5
2018/4/11, , , 58, 29, 2, 6
2018/4/12, , , 8, 26, 4, 9
2018/4/13, , , 59, 23, 2, 6
2018/4/14, , , 57, 9, 2, 4
2018/4/15, , , 66, 15, 13, 5
2018/4/16, , , 86, 25, 9, 7
2018/4/17, , , 103, 22, 6, 5
2018/4/18, , , 77, 27, 5, 8
2018/4/19, , , 68, 21, 2, 5
2018/4/20, , , 93, 23, 2, 6
2018/4/21, , , 97, 22, 2, 6
2018/4/22, , , 102, 16, 3, 5
2018/4/23, , , 90, 23, 5, 7
2018/4/24, , , 50, 24, 2, 7
2018/4/25, , , 52, 23, 2, 6
2018/4/26, , , 79, 29, 6, 8
2018/4/27, , , 116, 25, 2, 7
2018/4/28, , , 91, 20, 2, 6
2018/4/29, , , 82, 20, 2, 7
2018/4/30, , , 51, 30, 2, 8
2018/5/1, , , 55, 15, 2, 5
2018/5/2, , , 45, 21, 5, 6
2018/5/3, , , 78, 26, 4, 7
2018/5/4, , , 84, 25, 6, 7
2018/5/5, , , 52, 17, 3, 5
2018/5/6, , , 30, 15, 20, 4
2018/5/7, , , 34, 23, 17, 6
2018/5/8, , , 17, 25, 18, 7
2018/5/9, , , 65, 21, 7, 6
2018/5/10, , , 90, 22, 5, 5
2018/5/11, , , 108, 23, 2, 6
2018/5/12, , , 114, 16, 2, 5
2018/5/13, , , 111, 14, 2, 5
2018/5/14, , , 77, 27, 21, 6
2018/5/15, , , 71, 21, 14, 5
2018/1/8, , , 26, 34, 3, 9
2018/1/9, , , 38, 37, 7, 10
2018/1/10, , , 71, 45, 4, 11
2018/1/11, , , 84, 33, 2, 8
2018/1/12, , , 46, 28, 15, 7
2018/1/13, , , 43, 27, 14, 7
2018/1/14, , , 37, 35, 16, 9
2018/1/15, , , 49, 35, 10, 10
2018/1/16, , , 45, 33, 15, 8
2018/1/17, , , 63, 36, 10, 10
2018/1/18, , , 71, 37, 2, 10
2018/1/19, , , 65, 20, 2, 7
2018/1/20, , , 53, 18, 2, 7
2018/1/21, , , 56, 22, 6, 8
2018/1/22, , , 57, 28, 9, 8
2018/1/23, , , 55, 32, 4, 11
2018/1/24, , , 40, 27, 10, 7
2018/1/25, , , 33, 29, 9, 9
2018/1/26, , , 45, 26, 4, 7
2018/1/27, , , 48, 17, 5, 6
2018/1/28, , , 18, 19, , 5
2018/1/29, , , 17, 30, 8, 7
2018/1/30, , , 28, 27, 7, 7
2018/1/31, , , 23, 22, 2, 10
2018/2/1, , , 23, 24, 13, 7
2018/2/2, , , 57, 27, 11, 8
2018/2/3, , , 63, 21, 4, 7
2018/2/4, , , 80, 15, 2, 6
2018/2/5, , , 66, 24, 3, 8
2018/2/6, , , 75, 23, 3, 6
2018/2/7, , , 47, 15, 4, 5
2018/2/8, , , 49, 27, 7, 7
2018/2/9, , , 24, 19, 4, 5
2018/2/10, , , 34, 14, 7, 5
2018/2/11, , , 38, 23, 5, 6
2018/2/12, , , 60, 30, 8, 7
2018/2/13, , , 53, 23, 16, 6
2018/2/14, , , 71, 29, 13, 7
2018/2/15, , , 74, 28, 5, 7
2018/2/16, , , 85, 24, 8, 6
2018/2/17, , , 69, 19, 17, 6
2018/2/18, , , 83, 19, 6, 5
2018/2/19, , , 66, 18, 2, 5
2018/2/20, , , 60, 27, 12, 7
2018/2/21, , , 76, 25, 3, 7
2018/2/22, , , 87, 29, 8, 7
2018/2/23, , , 85, 21, 5, 6
2018/2/24, , , 96, 17, 3, 5
2018/2/25, , , 77, 20, 3, 5
2018/2/26, , , 61, 21, 4, 7
2018/2/27, , , 88, 27, 4, 8
2018/2/28, , , 114, 23, 8, 6
2018/3/1, , , 77, 16, 7, 5
2018/3/2, , , 65, 22, 17, 5
2018/3/3, , , 67, 15, 2, 5
2018/3/4, , , 80, 35, 3, 7
2018/3/5, , , 70, 23, 5, 7
2018/3/6, , , 75, 23, 7, 6
2018/3/7, , , 62, 27, 4, 7
2018/3/8, , , 5, 33, 8, 9
2018/3/9, , , 32, , , 
2018/3/12, , , 57, 17, 2, 6
2018/3/13, , , 54, 25, 11, 7
2018/3/14, , , 73, 31, 3, 9
2018/3/15, , , 59, 22, 2, 6
2018/3/16, , , 57, 21, 3, 5
2018/3/17, , , 56, 15, 3, 5
2018/3/18, , , 67, 12, 2, 4
2018/3/19, , , 77, 23, 5, 6
2018/3/20, , , 94, 23, 3, 7
2018/3/21, , , 84, 21, 6, 5
2018/3/22, , , 62, 24, 15, 6
2018/3/23, , , 50, 16, 2, 4
2018/3/24, , , 38, 18, 4, 5
2018/3/25, , , 73, 18, 3, 5
2018/3/26, , , 79, 16, 3, 6
2018/3/27, , , 69, 11, 4, 4
2018/3/28, , , 51, 11, 2, 5
2018/3/29, , , 59, 12, 7, 5
2018/3/30, , , 60, 12, 4, 4
2018/3/31, , , 55, 11, 2, 4
2017/10/1, , , 28, 18, 2, 4
2017/10/2, , , 24, 18, 2, 3
2017/10/3, , , 25, 14, 1, 4
2017/10/4, , , 12, 14, 4, 3
2017/10/5, , , 25, 15, 3, 3
2017/10/6, , , 30, 15, 3, 3
2017/10/7, , , 59, 15, 1, 4
2017/10/8, , , 60, 22, 2, 6
2017/10/9, , , 73, 16, 2, 3
2017/10/10, , , 25, 18, 3, 4
2017/10/11, , , 26, 22, 2, 4
2017/10/12, , , 20, 18, 2, 4
2017/10/13, , , 31, 16, 2, 4
2017/10/14, , , 68, 13, 6, 5
2017/10/15, , , 62, 17, 2, 3
2017/10/16, , , 23, 20, 2, 4
2017/10/17, , , 32, 24, 4, 5
2017/10/18, , , 59, 26, 8, 7
2017/10/19, , , 65, 27, 4, 7
2017/10/20, , , 71, 27, 8, 6
2017/10/21, , , 78, 16, 2, 5
2017/10/22, , , 43, 20, 2, 4
2017/10/23, , , 27, 17, 3, 4
2017/10/24, , , 16, 18, 7, 3
2017/10/25, , , 44, 36, 4, 10
2017/10/26, , , 93, 33, 10, 7
2017/10/27, , , 68, 22, 3, 5
2017/10/28, , , 71, 20, 5, 6
2017/10/29, , , 82, 24, 3, 7
2017/10/30, , , 86, 23, 4, 7
2017/10/31, , , 86, 53, 4, 14
2017/11/1, , , 4, 20, 4, 5
2017/11/2, , , 64, 21, 2, 5
2017/11/3, , , 43, 23, 16, 4
2017/11/4, , , 39, 22, 20, 6
2017/11/5, , , 71, 34, 21, 7
2017/11/6, , , 66, 28, 7, 6
2017/11/7, , , 41, 33, 15, 7
2017/11/8, , , 50, 31, 22, 7
2017/11/9, , , 64, 28, 14, 7
2017/11/10, , , 55, 22, 13, 5
2017/11/11, , , 70, 19, 25, 5
2017/11/12, , , 48, 15, , 3
2017/11/13, , , 33, 16, , 3
2017/11/14, , , 36, 27, 21, 6
2017/11/15, , , 42, 29, 14, 6
2017/11/16, , , 38, 36, 18, 9
2017/11/17, , , 47, 27, 16, 7
2017/11/18, , , 39, 14, 4, 4
2017/11/19, , , 37, 24, 8, 7
2017/11/20, , , 54, 27, 5, 9
2017/11/21, , , 18, 22, 6, 5
2017/11/22, , , 43, 28, 6, 7
2017/11/23, , , 50, 45, 9, 11
2017/11/24, , , 73, 41, 12, 9
2017/11/25, , , 67, 23, 6, 6
2017/11/26, , , 41, 31, 7, 8
2017/11/27, , , 37, 39, 15, 10
2017/11/28, , , 66, 33, 18, 9
2017/11/29, , , 51, 34, 17, 8
2017/11/30, , , 45, 47, 13, 11
2017/12/1, , , 41, 50, 34, 11
2017/12/2, , , 3, , , 
2017/12/5, , , 64, 37, 10, 10
2017/12/6, , , 62, 27, 6, 8
2017/12/7, , , 43, 21, 3, 6
2017/12/8, , , 28, 26, 14, 7
2017/12/9, , , 35, 25, 30, 6
2017/12/10, , , 40, 57, 21, 13
2017/12/11, , , 33, 40, 23, 10
2017/12/12, , , 38, , , 
2017/12/19, , , 56, 29, 5, 8
2017/12/20, , , 57, , , 
2017/7/1, , , 48, 14, 2, 4
2017/7/2, , , 61, 17, 4, 4
2017/7/3, , , 42, 21, 2, 5
2017/7/4, , , 26, 24, 1, 6
2017/7/5, , , 44, 21, 13, 4
2017/7/6, , , 44, 17, 2, 3
2017/7/7, , , 29, 17, 2, 4
2017/7/8, , , 20, 15, 4, 5
2017/7/9, , , 24, 26, 1, 7
2017/7/10, , , 23, 29, 1, 9
2017/7/11, , , 43, 19, 2, 6
2017/7/12, , , 22, 17, 3, 5
2017/7/13, , , 67, 16, 1, 4
2017/7/14, , , 60, 14, 18, 3
2017/7/15, , , 61, 13, 14, 3
2017/7/16, , , 62, 23, 2, 6
2017/7/17, , , 71, 22, 3, 6
2017/7/18, , , 40, 23, 3, 7
2017/7/19, , , 51, 14, 3, 5
2017/7/20, , , 55, 23, , 7
2017/7/21, , , 69, 15, 4, 5
2017/7/22, , , 70, 17, 2, 6
2017/7/23, , , 54, 23, 2, 8
2017/7/24, , , 50, 23, 3, 8
2017/7/25, , , 35, 23, 2, 7
2017/7/26, , , 46, 20, 12, 6
2017/7/27, , , 67, 23, 6, 8
2017/7/28, , , 95, 20, 7, 5
2017/7/29, , , 70, 11, 2, 4
2017/7/30, , , 71, 14, 13, 4
2017/7/31, , , 59, 19, 4, 5
2017/8/1, , , 74, 16, 2, 5
2017/8/2, , , 70, 13, 3, 5
2017/8/3, , , 47, 22, , 6
2017/8/4, , , 70, 18, 3, 6
2017/8/5, , , 75, 10, 2, 4
2017/8/6, , , 45, 16, 10, 5
2017/8/7, , , 65, 12, 16, 4
2017/8/8, , , 67, 15, 7, 4
2017/8/9, , , 31, 14, 3, 4
2017/8/10, , , 16, 22, 2, 8
2017/8/11, , , 56, 15, 4, 4
2017/8/12, , , 68, 12, 2, 5
2017/8/13, , , 54, 14, 2, 4
2017/8/14, , , 33, 24, 5, 7
2017/8/15, , , 67, 10, 2, 4
2017/8/16, , , 30, 28, 2, 7
2017/8/17, , , 50, 21, 6, 6
2017/8/18, , , 63, 15, 2, 5
2017/8/19, , , 68, 10, 13, 3
2017/8/20, , , 59, 15, 8, 4
2017/8/21, , , 41, 16, 9, 4
2017/8/22, , , 49, 18, 6, 4
2017/8/23, , , 44, 17, 6, 4
2017/8/24, , , 46, 25, 4, 7
2017/8/25, , , 33, 22, 2, 7
2017/8/26, , , 78, 18, 4, 6
2017/8/27, , , 62, 20, 3, 6
2017/8/28, , , 41, 23, 1, 7
2017/8/29, , , 16, 23, 4, 7
2017/8/30, , , 24, 22, 9, 7
2017/8/31, , , 41, 23, 2, 8
2017/9/1, , , 46, 16, 7, 5
2017/9/2, , , 27, 12, 1, 4
2017/9/3, , , 37, 18, , 6
2017/9/4, , , 7, , , 
2017/9/16, , , 89, 6, 3, 3
2017/9/17, , , 31, 15, 3, 5
2017/9/18, , , 37, 14, 8, 5
2017/9/19, , , 16, , , 
2017/9/21, , , 59, 13, 2, 5
2017/9/22, , , 33, 15, 1, 5
2017/9/23, , , 31, 11, 2, 5
2017/9/24, , , 21, 19, 3, 6
2017/9/25, , , 21, 19, 6, 7
2017/9/26, , , 74, 21, 3, 5
2017/9/27, , , 42, 19, 2, 4
2017/9/28, , , 14, 20, 2, 5
2017/9/29, , , 14, 15, 1, 4
2017/9/30, , , 11, 12, 1, 3
2017/4/1, , , 25, , , 
2017/4/4, , , 43, 26, , 8
2017/4/5, , , 84, 23, , 8
2017/4/6, , , 91, 21, , 7
2017/4/7, , , 76, 21, , 6
2017/4/8, , , 70, 17, , 6
2017/4/9, , , 80, 18, , 6
2017/4/10, , , 90, 21, , 5
2017/4/11, , , 72, 12, , 3
2017/4/12, , , 70, 14, , 4
2017/4/13, , , 65, 9, , 4
2017/4/14, , , 79, 12, , 4
2017/4/15, , , 64, 12, , 4
2017/4/16, , , 56, 17, , 5
2017/4/17, , , 64, 20, , 5
2017/4/18, , , 55, 22, , 5
2017/4/19, , , 66, 18, 19, 5
2017/4/20, , , 74, 18, 7, 5
2017/4/21, , , 77, 18, 9, 5
2017/4/22, , , 83, 12, 11, 4
2017/4/23, , , 86, 22, 5, 7
2017/4/24, , , 84, 19, 5, 7
2017/4/25, , , 67, 15, 4, 4
2017/4/26, , , 76, 24, 7, 7
2017/4/27, , , 90, 29, 4, 9
2017/4/28, , , 46, 14, 4, 4
2017/4/29, , , 30, 12, 4, 5
2017/4/30, , , 72, 16, 6, 6
2017/5/1, , , 87, 33, 6, 11
2017/5/2, , , 16, 23, 21, 6
2017/5/3, , , 35, 25, 7, 8
2017/5/4, , , 66, 23, 6, 6
2017/5/5, , , 62, 21, 5, 6
2017/5/6, , , 104, 16, 8, 5
2017/5/7, , , 97, 20, 9, 6
2017/5/8, , , 66, 25, 4, 9
2017/5/9, , , 97, 26, 4, 8
2017/5/10, , , 89, 20, 5, 7
2017/5/11, , , 90, 25, 3, 7
2017/5/12, , , 93, 19, 3, 6
2017/5/13, , , 94, 18, 8, 7
2017/5/14, , , 83, 22, 5, 7
2017/5/15, , , 111, 23, 3, 7
2017/5/16, , , 115, 27, 2, 9
2017/5/17, , , 126, 24, 3, 8
2017/5/18, , , 128, 26, 3, 
2017/5/19, , , 122, 15, 2, 
2017/5/20, , , 120, 13, 18, 
2017/5/21, , , 107, 20, 22, 
2017/5/22, , , 105, 20, 2, 7
2017/5/23, , , 112, 20, 3, 7
2017/5/24, , , 88, 21, 2, 6
2017/5/25, , , 79, 24, , 7
2017/5/26, , , 91, 20, 12, 6
2017/5/27, , , 106, 14, 4, 5
2017/5/28, , , 100, 19, 8, 5
2017/5/29, , , 60, 20, 2, 5
2017/5/30, , , 48, 17, 4, 4
2017/5/31, , , 34, 20, 8, 5
2017/6/1, , , 39, 14, 5, 4
2017/6/2, , , 44, 15, 7, 5
2017/6/3, , , 69, 16, 3, 5
2017/6/4, , , 99, 18, 5, 5
2017/6/5, , , 79, 20, 3, 5
2017/6/6, , , 73, 22, 3, 6
2017/6/7, , , 94, 16, 2, 4
2017/6/8, , , 74, 22, 10, 6
2017/6/9, , , 69, 21, 2, 6
2017/6/10, , , 86, 11, , 4
2017/6/11, , , 99, 12, 2, 4
2017/6/12, , , 74, 17, 8, 5
2017/6/13, , , 80, 15, , 5
2017/6/14, , , 31, 16, 2, 5
2017/6/15, , , 65, 16, 2, 5
2017/6/16, , , 77, 15, 1, 5
2017/6/17, , , 15, 14, 9, 6
2017/6/18, , , 80, 14, 1, 3
2017/6/19, , , 53, 13, , 3
2017/6/20, , , 42, 15, 2, 5
2017/6/21, , , 69, 20, 2, 6
2017/6/22, , , 89, 21, 6, 5
2017/6/23, , , 70, 15, 1, 4
2017/6/24, , , 60, 10, 2, 3
2017/6/25, , , 40, 17, 1, 6
2017/6/26, , , 27, 24, 4, 7
2017/6/27, , , 58, 17, 3, 4
2017/6/28, , , 40, 23, 2, 6
2017/6/29, , , 30, 17, 11, 4
2017/6/30, , , 39, 19, 1, 4
2017/1/2, , , 45, 28, 17, 7
2017/1/3, , , 72, 28, 13, 7
2017/1/4, , , 42, 27, 6, 7
2017/1/5, , , 44, 35, 5, 9
2017/1/6, , , 91, 28, 30, 7
2017/1/7, , , 66, 31, 24, 8
2017/1/8, , , 31, 36, 20, 9
2017/1/9, , , 44, 39, 15, 10
2017/1/10, , , 48, 32, 8, 8
2017/1/11, , , 67, 32, 9, 9
2017/1/12, , , 72, 28, 7, 7
2017/1/13, , , 29, 31, 20, 8
2017/1/14, , , 60, 23, 10, 7
2017/1/15, , , 86, 23, 10, 7
2017/1/16, , , 69, 26, 7, 7
2017/1/17, , , 38, 35, 4, 9
2017/1/18, , , 25, 23, 6, 7
2017/1/19, , , 40, 19, 4, 7
2017/1/20, , , 27, 18, 4, 5
2017/1/21, , , 45, 27, 6, 8
2017/1/22, , , 78, 33, 8, 9
2017/1/23, , , 61, 24, 5, 7
2017/1/24, , , 65, 30, 5, 8
2017/1/25, , , 61, 34, 12, 9
2017/1/26, , , 91, 28, 10, 7
2017/1/27, , , 70, 21, 13, 5
2017/1/28, , , 85, 26, 27, 8
2017/1/29, , , 63, 32, 37, 8
2017/1/30, , , 81, 28, 12, 8
2017/1/31, , , 60, 32, 13, 10
2017/2/1, , , 42, 26, 21, 7
2017/2/2, , , 65, 24, 7, 6
2017/2/3, , , 69, 18, 11, 5
2017/2/4, , , 65, 16, 6, 5
2017/2/5, , , 75, 19, 6, 6
2017/2/6, , , 59, 33, 7, 9
2017/2/7, , , 81, 30, 8, 7
2017/2/8, , , 47, 19, 8, 5
2017/2/9, , , 35, 39, 16, 9
2017/2/10, , , 86, 24, 12, 7
2017/2/11, , , 75, 21, 9, 7
2017/2/12, , , 76, 26, 6, 8
2017/2/13, , , 68, 25, 6, 7
2017/2/14, , , 55, 15, 4, 4
2017/2/15, , , 37, 11, 1, 4
2017/2/16, , , 37, 10, , 4
2017/2/17, , , 33, 19, , 5
2017/2/18, , , 59, 14, , 5
2017/2/19, , , 46, 9, , 3
2017/2/20, , , 35, 23, 16, 6
2017/2/21, , , 88, 32, 9, 7
2017/2/22, , , 86, 22, 4, 7
2017/2/23, , , 49, 20, 1, 5
2017/2/24, , , 78, 23, 5, 5
2017/2/25, , , 93, 19, 2, 6
2017/2/26, , , 57, 25, 5, 7
2017/2/27, , , 93, 20, 3, 6
2017/2/28, , , 91, 24, 7, 6
2017/3/1, , , 73, 17, 13, 4
2017/3/2, , , 75, 16, 4, 5
2017/3/3, , , 60, 18, 6, 5
2017/3/4, , , 63, 18, 5, 5
2017/3/5, , , 63, 24, 4, 7
2017/3/6, , , 77, 22, 2, 5
2017/3/7, , , 58, 20, 10, 5
2017/3/8, , , 65, 23, 4, 6
2017/3/9, , , 71, 26, 5, 7
2017/3/10, , , 73, 21, 7, 6
2017/3/11, , , 59, 12, 9, 4
2017/3/12, , , 49, 25, , 6
2017/3/13, , , 23, 30, 4, 7
2017/3/14, , , 21, 24, 6, 6
2017/3/15, , , 37, 21, 3, 5
2017/3/16, , , 61, 25, 9, 5
2017/3/17, , , 53, 17, 7, 4
2017/3/18, , , 59, 13, 8, 3
2017/3/19, , , 60, 12, 9, 3
2017/3/20, , , 57, 15, 5, 3
2017/3/21, , , 46, 18, 5, 3
2017/3/22, , , 46, 28, 4, 6
2017/3/23, , , 66, 28, 3, 7
2017/3/24, , , 75, 21, , 3
2017/3/25, , , 68, 18, , 4
2017/3/26, , , 69, 20, , 4
2017/3/27, , , 74, 19, , 4
2017/3/28, , , 62, , , 
2017/3/30, , , 51, 24, , 4
2017/3/31, , , 56, 26, , 6
2016/10/30, , , 25, 26, 8, 7
2016/10/31, , , 53, 29, 5, 9
2016/11/1, , , 57, 17, 6, 6
2016/11/2, , , 29, 15, 5, 5
2016/11/3, , , 18, 16, 3, 4
2016/11/4, , , 9, 16, 3, 3
2016/11/5, , , 47, 17, 9, 5
2016/11/6, , , 43, 20, 7, 7
2016/11/7, , , 45, 25, 16, 7
2016/11/8, , , 14, 25, 4, 7
2016/11/9, , , 10, 27, 5, 9
2016/11/10, , , 8, 32, 15, 11
2016/11/11, , , 35, 20, 3, 6
2016/11/12, , , 38, 24, 5, 8
2016/11/13, , , 30, 28, 10, 9
2016/11/14, , , 29, 26, 19, 7
2016/11/15, , , 10, 28, 3, 10
2016/11/16, , , 31, 28, 3, 11
2016/11/17, , , 38, 23, 8, 8
2016/11/18, , , 22, 19, 4, 4
2016/11/19, , , 32, 13, 7, 4
2016/11/20, , , 40, 22, 7, 6
2016/11/21, , , 54, 27, 5, 7
2016/11/22, , , 47, 24, 12, 7
2016/11/23, , , 54, 37, 15, 8
2016/11/24, , , 43, 34, 19, 8
2016/11/25, , , 39, 21, 11, 5
2016/11/26, , , 3, 21, 6, 7
2016/11/29, , , 42, 27, 4, 9
2016/11/30, , , 26, 19, 4, 8
2016/12/1, , , 12, 30, 3, 9
2016/12/2, , , 40, 16, 3, 6
2016/12/3, , , 22, 14, 3, 6
2016/12/4, , , 19, 13, 3, 5
2016/12/5, , , 36, 22, 3, 7
2016/12/6, , , 44, 24, 3, 8
2016/12/7, , , 76, 24, 8, 7
2016/12/8, , , 27, 18, 7, 5
2016/12/9, , , 29, 16, 4, 4
2016/12/10, , , 46, 20, 9, 6
2016/12/11, , , 58, 25, 7, 8
2016/12/12, , , 70, 31, 10, 8
2016/12/13, , , 67, 33, 7, 8
2016/12/14, , , 45, 26, 7, 7
2016/12/15, , , 45, 27, 5, 9
2016/12/16, , , 45, 23, 4, 9
2016/12/17, , , 61, 16, 7, 6
2016/12/18, , , 11, 19, 8, 4
2016/12/19, , , 36, 17, 14, 3
2016/12/20, , , 47, 26, 9, 6
2016/12/21, , , 46, 28, 13, 7
2016/12/22, , , 59, 27, 14, 7
2016/12/23, , , 72, 25, 6, 8
2016/12/24, , , 82, 22, 5, 8
2016/12/25, , , 53, 24, 5, 7
2016/12/26, , , 56, 26, 10, 6
2016/12/27, , , 52, 23, 9, 6
2016/12/28, , , 34, 18, 7, 4
2016/12/29, , , 27, 20, 4, 5
2016/12/30, , , 48, 19, 4, 6
2016/12/31, , , 63, 15, 4, 6
2018/9/23, , , , 20, 2, 8
2018/4/10, , , , 25, 3, 6
2018/1/7, , , , 30, 10, 6
2018/3/11, , , , 19, 11, 6
2017/12/4, , , , 45, 14, 11
2017/12/18, , , , 40, 7, 11
2017/9/15, , , , 12, 11, 4
2017/9/20, , , , 19, 4, 5
2017/4/3, , , , 10, , 3
2017/1/1, , , , 21, 5, 6
2017/3/29, , , , 15, , 3
2016/11/27, , , , 22, 3, 8
2016/11/28, , , , 20, 3, 7